equipment_id,category,subcategory,brand,model,public_name,status_public,setup_domain,primary_role,is_hardware,is_software,analog_digital,mono_stereo,power_category,power_notes_public,data_quality_status,privacy_level,public_notes
EQP-0001,instrument,electric_guitar,Fender,Player Stratocaster SSS,Player Stratocaster SSS,available,instrument,bright_single_coil_guitar,true,false,not_applicable,not_applicable,not_applicable,not_applicable,verified,public_sample,Curated public-safe instrument used across several workflow examples.
EQP-0002,effect,distortion,Boss,DS-1,DS-1 Distortion,available,guitar_effect,raw_distortion,true,false,analog,mono,low_current_9v,9V DC center-negative; exact current excluded from the analytical model,verified,public_sample,Representative distortion stage for direct alternative-rock workflows.
EQP-0003,effect,chorus,Electro-Harmonix,Neo Clone,Neo Clone,reference,guitar_effect,chorus_texture,true,false,analog,mono,low_current_9v,9V DC center-negative,sample,public_sample,Representative chorus item retained as a public-safe reference record.
EQP-0004,amplification,modeling_amp,Line 6,Catalyst 60,Catalyst 60,available,amplification,clean_or_crunch_amp_platform,true,false,digital,mono,standard_amp_power,standard amplifier power supply,verified,public_sample,"Reusable output platform for clean, crunch and direct guitar workflows."
EQP-0005,recording_hardware,audio_interface,Steinberg,UR22C,UR22C,available,recording,audio_interface_for_recording,true,false,digital,stereo,usb_powered,USB powered,sample,public_sample,Representative interface record for direct recording workflows.
EQP-0006,midi_controller,keyboard_controller,Native Instruments,Komplete Kontrol M32,Komplete Kontrol M32,available,midi,compact_midi_keyboard,true,false,digital,not_applicable,usb_powered,USB powered,verified,public_sample,Compact MIDI input example for software-based arrangements.
EQP-0007,software,daw,Ableton,Live 12 Intro,Ableton Live 12 Intro,available,software,loop_and_arrangement_daw,false,true,digital,stereo,software,software item,verified,public_sample,"DAW environment used for recording, arrangement and reporting examples."
EQP-0008,effect,fuzz,Electro-Harmonix,Little Big Muff,Little Big Muff,available,guitar_effect,fuzz_sustain,true,false,analog,mono,low_current_9v,9V DC center-negative,verified,public_sample,Core fuzz example for layered guitar workflows.
EQP-0009,power_utility,pedal_power_supply,Harley Benton,PowerPlant ISO-2AC Pro Modular,PowerPlant ISO-2AC Pro Modular,available,utility,pedal_power_distribution,true,false,not_applicable,not_applicable,external_power,isolated pedal power supply,sample,public_sample,Utility record used to demonstrate non-audio support equipment.
EQP-0010,software,plugin_subscription,Universal Audio,UAD Spark,UAD Spark,reference,software,native_audio_plugins,false,true,digital,stereo,software,software item,sample,public_sample,Representative native-plugin environment for software processing examples.
EQP-0011,instrument,electric_guitar,PRS,SE Standard 24-08,SE Standard 24-08,available,instrument,dual_humbucker_and_split_guitar,true,false,not_applicable,not_applicable,not_applicable,not_applicable,verified,public_sample,Versatile instrument example for gain-stage and recording comparisons.
EQP-0012,instrument,electric_guitar,Harley Benton,TE-25TH,TE-25TH,available,instrument,tele_style_guitar,true,false,not_applicable,not_applicable,not_applicable,not_applicable,verified,public_sample,Public-safe instrument example for bright rhythm and jangle workflows.
EQP-0013,instrument,semi_hollow_guitar,D'Angelico,Premier Mini DC,Premier Mini DC,available,instrument,semi_hollow_texture,true,false,not_applicable,not_applicable,not_applicable,not_applicable,sample,public_sample,Representative semi-hollow instrument for clean and atmospheric workflows.
EQP-0014,effect,overdrive,Boss,SD-1,SD-1 Super OverDrive,available,guitar_effect,mid_focused_overdrive,true,false,analog,mono,low_current_9v,9V DC center-negative,verified,public_sample,Gain-stage example for rhythm definition and amplifier interaction.
EQP-0015,effect,delay,Line 6,DL4 MkII,DL4 MkII,available,guitar_effect,multi_mode_delay_looper,true,false,digital,stereo,standard_9v,9V DC center-negative,verified,public_sample,Reusable time-based effect for ambient and recording workflows.
EQP-0016,effect,delay,EarthQuaker Devices,Disaster Transport Legacy,Disaster Transport Legacy,available,guitar_effect,character_delay,true,false,hybrid,mono,standard_9v,9V DC center-negative,sample,public_sample,Character-delay example for textured alternative workflows.
EQP-0017,effect,tremolo,Universal Audio,UAFX Flow,UAFX Flow Tremolo,available,guitar_effect,stereo_tremolo,true,false,digital,stereo,standard_9v,9V DC center-negative,verified,public_sample,Modulation example for rhythmic movement and stereo workflows.
EQP-0018,effect,reverb,Universal Audio,UAFX Evermore,UAFX Evermore Studio Reverb,available,guitar_effect,ambient_reverb,true,false,digital,stereo,standard_9v,9V DC center-negative,verified,public_sample,Ambient reverb example for space-oriented signal chains.
EQP-0019,effect,reverb,Universal Audio,UAFX Heavenly,UAFX Heavenly Plate Reverb,available,guitar_effect,plate_reverb,true,false,digital,stereo,standard_9v,9V DC center-negative,verified,public_sample,Plate-reverb example for focused recording and guitar textures.
EQP-0020,effect,compressor,Universal Audio,UAFX 1176,UAFX 1176 Studio Compressor,available,guitar_effect,fast_peak_control,true,false,digital,mono,standard_9v,9V DC center-negative,verified,public_sample,Compression stage for clean tracking and controlled rhythm workflows.
EQP-0021,amplification,modeling_amp,Boss,Katana 50 Gen 3,Katana 50 Gen 3,available,amplification,versatile_modeling_platform,true,false,digital,mono,standard_amp_power,standard amplifier power supply,verified,public_sample,Flexible low-volume amplifier platform for repeatable practice workflows.
EQP-0022,amplification,tube_combo,Vox,AC4C1-12,AC4C1-12,available,amplification,low_power_tube_combo,true,false,analog,mono,standard_amp_power,standard amplifier power supply,verified,public_sample,Low-power tube-amplifier example for edge-of-breakup workflows.
EQP-0023,amplification,hybrid_head,Orange,Micro Terror,Micro Terror,available,amplification,compact_high_gain_head,true,false,hybrid,mono,standard_amp_power,standard amplifier power supply,verified,public_sample,Compact amplifier head for garage-rock and riff-oriented examples.
EQP-0024,amplification,tube_head,Harley Benton,TUBE15 Head,TUBE15 Head,available,amplification,low_power_tube_head,true,false,analog,mono,standard_amp_power,standard amplifier power supply,sample,public_sample,Public-safe tube-head example for staged gain workflows.
EQP-0025,amplification,tube_combo,Bugera,V5 Infinium,V5 Infinium,available,amplification,attenuated_tube_practice_amp,true,false,analog,mono,standard_amp_power,standard amplifier power supply,verified,public_sample,Low-volume tube-practice platform for apartment-oriented workflows.
EQP-0026,effect,fuzz,Electro-Harmonix,Big Muff Pi,Big Muff Pi,available,guitar_effect,classic_fuzz_sustain,true,false,analog,mono,low_current_9v,9V DC center-negative,verified,public_sample,Alternative fuzz stage for thick rhythm and lead textures.
EQP-0027,amplification,modeling_amp,Boss,Katana 50 MkII EX,Katana 50 MkII EX,available,amplification,modeling_amp_reference,true,false,digital,mono,standard_amp_power,standard amplifier power supply,sample,public_sample,Second modeling-platform record used for comparison and workflow portability.
EQP-0028,effect,reverb,Boss,DR-600,DR-600 Digital Reverb,available,guitar_effect,compact_digital_reverb,true,false,digital,mono,low_current_9v,9V DC center-negative,sample,public_sample,Compact reverb example retained for comparison in simple workflows.
EQP-0029,effect,compressor,Behringer,CS400,CS400 Compressor Sustainer,available,guitar_effect,basic_compression,true,false,analog,mono,low_current_9v,9V DC center-negative,sample,public_sample,Entry-level compression example for comparing workflow roles.
EQP-0030,effect,compressor,Universal Audio,UAFX Teletronix LA-2A,UAFX Teletronix LA-2A,planned,guitar_effect,smooth_leveling_compression,true,false,digital,mono,standard_9v,9V DC center-negative,needs_verification,public_sample,Planned representative record for a future slow-leveling compression comparison.
